"source_table","row_name","item_id","sample_name","item_type","inventory_category","server_bucket","rarity","slot","stackable","stack_max","value","current_index","server_propid"
"DT_Accessory","Necklace01","Necklace01","INVTEXT(""The Necklace of the ancient prophet"")","Accessories","Accessories","equip","Legendary","Neck","False","1","130","0","800100102"
"DT_Accessory","Talisman01","Necklace02_Blue","INVTEXT(""The Azure Curse Skull Talisman"")","Accessories","Accessories","equip","Epic","Talisman","False","1","90","0","800100103"
"DT_Accessory","Bracelet01","Necklace02_Red","INVTEXT(""The Leaf Bracelet of will"")","Accessories","Accessories","equip","Superior","Bracelet","False","1","45","0","800100101"
"DT_Accessory","Ring01","Necklace02_Red","INVTEXT(""The Aqua Ring of Blessing"")","Accessories","Accessories","equip","Superior","Ring","False","1","45","0","800100101"
"DT_Armor","Bracelet01","ek_brace_01","INVTEXT(""Bracelet of Elder King"")","Accessories","Accessories","equip","Legendary","Bracelet","False","1","45","0","800100104"
"DT_Armor","Necklace01","ek_neck_01","INVTEXT(""Necklace of Elder King"")","Accessories","Accessories","equip","Legendary","Neck","False","1","130","0","800100110"
"DT_Armor","Ring01","ek_ring_01","INVTEXT(""Ring of Elder King"")","Accessories","Accessories","equip","Legendary","Ring","False","1","45","0","800100111"
"DT_Armor","Talisman01","ek_talis_01","INVTEXT(""Talisman of Elder King"")","Accessories","Accessories","equip","Legendary","Talisman","False","1","90","0","800100112"
"DT_Armor","FS_Boots","fs_b","NSLOCTEXT(""[47FBC71D4C96438BD8738198C101CB50]"", ""EDC109144CD8E99847B1A1BE6AD08129"", ""Boots of Fire King"")","Armor","Armor","equip","Epic","Boots","False","1","70","0","800100105"
"DT_Armor","FS_Gloves","fs_g","NSLOCTEXT(""[47FBC71D4C96438BD8738198C101CB50]"", ""84DA63AE402F0C5615FEC7973C030F36"", ""Gloves of Fire King"")","Armor","Armor","equip","Epic","Gloves","False","1","55","0","800100106"
"DT_Armor","FS_Helm","fs_hm","NSLOCTEXT(""[47FBC71D4C96438BD8738198C101CB50]"", ""55A8244A406B280AB7522E8859099AF8"", ""Helm of Fire King"")","Armor","Armor","equip","Epic","Head","False","1","135","0","800100107"
"DT_Armor","FS_Plate","fs_p","NSLOCTEXT(""[47FBC71D4C96438BD8738198C101CB50]"", ""6FA831F74C560A4477A6B5A81A2A2D36"", ""Plate of Fire King"")","Armor","Armor","equip","Epic","Chestplate","False","1","160","0","800100109"
"DT_Armor","FS_Pants","fs_pt","NSLOCTEXT(""[47FBC71D4C96438BD8738198C101CB50]"", ""6096C52C4335285D4689D6A57A9F6E64"", ""Pants of Fire King"")","Armor","Armor","equip","Epic","Legs","False","1","75","0","800100108"
"DT_Armor","WS_Boots","ws_bt","NSLOCTEXT(""[47FBC71D4C96438BD8738198C101CB50]"", ""54309E6445A1104E87F0BABFDFA50FAD"", ""Boots of Water King"")","Armor","Armor","equip","Legendary","Boots","False","1","115","0","800100113"
"DT_Armor","WS_Gloves","ws_gs","NSLOCTEXT(""[47FBC71D4C96438BD8738198C101CB50]"", ""BD5AAC7549A6BA704245FFBB76C1F032"", ""Gloves of Water King"")","Armor","Armor","equip","Legendary","Gloves","False","1","115","0","800100114"
"DT_Armor","WS_Helm","ws_hm","NSLOCTEXT(""[47FBC71D4C96438BD8738198C101CB50]"", ""02F3A1DC40A72BFAF33264802344BB3F"", ""Helm of Water King"")","Armor","Armor","equip","Legendary","Head","False","1","115","0","800100115"
"DT_Armor","WS_Pants","ws_ps","NSLOCTEXT(""[47FBC71D4C96438BD8738198C101CB50]"", ""A1A9D3A84FA0D825CA289FA28CDA1F18"", ""Pants of Water King"")","Armor","Armor","equip","Legendary","Legs","False","1","115","0","800100116"
"DT_Armor","WS_Plate","ws_pt","NSLOCTEXT(""[47FBC71D4C96438BD8738198C101CB50]"", ""BFF989BC47B0D913CC4D76A15093F000"", ""Plate of the Water King"")","Armor","Armor","equip","Legendary","Chestplate","False","1","115","0","800100117"
"DT_Consumables","AFD_big_armor","shp_01","INVTEXT(""Big Armor For Potion"")","Potion","Consumable","consume","Legendary","Pocket1","True","99","10","0","800100101"
"DT_Consumables","AFD_big_atkspd","shp_01","INVTEXT(""Big ATK SPD For Potion"")","Potion","Consumable","consume","Legendary","Pocket1","True","99","10","0","800100101"
"DT_Consumables","AFD_big_dmg","shp_01","INVTEXT(""Big DMG For Potion"")","Potion","Consumable","consume","Legendary","Pocket1","True","99","10","0","800100101"
"DT_Consumables","AFD_big_hp","shp_01","INVTEXT(""Big HP For Potion"")","Potion","Consumable","consume","Epic","Pocket1","True","99","10","0","800100101"
"DT_Consumables","AFD_big_mp","shp_01","INVTEXT(""Big MP For Potion"")","Potion","Consumable","consume","Epic","Pocket1","True","99","10","0","800100101"
"DT_Consumables","AFD_big_sp","shp_01","INVTEXT(""Big SP For Potion"")","Potion","Consumable","consume","Epic","Pocket1","True","99","10","0","800100101"
"DT_Consumables","AFD_small_armor","shp_01","INVTEXT(""Small Armor For Potion"")","Potion","Consumable","consume","Superior","Pocket1","True","99","10","0","800100101"
"DT_Consumables","AFD_small_atkspd","shp_01","INVTEXT(""Small ATK SPD For Potion"")","Potion","Consumable","consume","Superior","Pocket1","True","99","10","0","800100101"
"DT_Consumables","AFD_small_dmg","shp_01","INVTEXT(""Small DMG For Potion"")","Potion","Consumable","consume","Superior","Pocket1","True","99","10","0","800100101"
"DT_Consumables","AFD_small_hp","shp_01","INVTEXT(""Small HP For Potion"")","Potion","Consumable","consume","Superior","Pocket1","True","99","10","0","800100101"
"DT_Consumables","AFD_small_mp","shp_01","INVTEXT(""Small MP For Potion"")","Potion","Consumable","consume","Superior","Pocket1","True","99","10","0","800100101"
"DT_Consumables","AFD_small_sp","shp_01","INVTEXT(""Small SP For Potion"")","Potion","Consumable","consume","Superior","Pocket1","True","99","10","0","800100101"
"DT_Consumables","AOD_big_armor","shp_01","INVTEXT(""Big Armor Over Potion"")","Potion","Consumable","consume","Legendary","Pocket1","True","99","10","0","800100101"
"DT_Consumables","AOD_big_atkspd","shp_01","INVTEXT(""Big ATK SPD Over Potion"")","Potion","Consumable","consume","Legendary","Pocket1","True","99","10","0","800100101"
"DT_Consumables","AOD_big_dmg","shp_01","INVTEXT(""Big DMG Over Potion"")","Potion","Consumable","consume","Legendary","Pocket1","True","99","10","0","800100101"
"DT_Consumables","AOD_big_hp","shp_01","INVTEXT(""Big HP Over Potion"")","Potion","Consumable","consume","Epic","Pocket1","True","99","10","0","800100101"
"DT_Consumables","AOD_big_mp","shp_01","INVTEXT(""Big MP Over Potion"")","Potion","Consumable","consume","Epic","Pocket1","True","99","10","0","800100101"
"DT_Consumables","AOD_big_sp","shp_01","INVTEXT(""Big SP Over Potion"")","Potion","Consumable","consume","Epic","Pocket1","True","99","10","0","800100101"
"DT_Consumables","AOD_small_armor","shp_01","INVTEXT(""Small Armor Over Potion"")","Potion","Consumable","consume","Superior","Pocket1","True","99","10","0","800100101"
"DT_Consumables","AOD_small_atkspd","shp_01","INVTEXT(""Small ATK SPD Over Potion"")","Potion","Consumable","consume","Superior","Pocket1","True","99","10","0","800100101"
"DT_Consumables","AOD_small_dmg","shp_01","INVTEXT(""Small DMG Over Potion"")","Potion","Consumable","consume","Superior","Pocket1","True","99","10","0","800100101"
"DT_Consumables","AOD_small_hp","shp_01","INVTEXT(""Small HP Over Potion"")","Potion","Consumable","consume","Superior","Pocket1","True","99","10","0","800100101"
"DT_Consumables","AOD_small_mp","shp_01","INVTEXT(""Small MP Over Potion"")","Potion","Consumable","consume","Superior","Pocket1","True","99","10","0","800100101"
"DT_Consumables","AOD_small_sp","shp_01","INVTEXT(""Small SP Over Potion"")","Potion","Consumable","consume","Superior","Pocket1","True","99","10","0","800100101"
"DT_Consumables","Ins_big_hp","shp_01","INVTEXT(""Big HP Instant Potion"")","Potion","Consumable","consume","Superior","Pocket1","True","99","10","0","800100101"
"DT_Consumables","Ins_big_mp","shp_01","INVTEXT(""Big MP Instant Potion"")","Potion","Consumable","consume","Superior","Pocket1","True","99","10","0","800100101"
"DT_Consumables","Ins_big_sp","shp_01","INVTEXT(""Big SP Instant Potion"")","Potion","Consumable","consume","Superior","Pocket1","True","99","10","0","800100101"
"DT_Consumables","Ins_small_hp","shp_01","INVTEXT(""Small HP Instant Potion"")","Potion","Consumable","consume","Common","Pocket1","True","99","10","0","800100101"
"DT_Consumables","Ins_small_mp","shp_01","INVTEXT(""Small MP Instant Potion"")","Potion","Consumable","consume","Common","Pocket1","True","99","10","0","800100101"
"DT_Consumables","Ins_small_sp","shp_01","INVTEXT(""Small SP Instant Potion"")","Potion","Consumable","consume","Common","Pocket1","True","99","10","0","800100101"
"DT_Cooking","AOD_Bangussauce","Beer","INVTEXT(""Cut bangus sauce flakes"")","Food","Consumable","consume","Epic","Pocket1","True","99","2","0","200900102"
"DT_Cooking","AOD_BeefAdobo","Beer","INVTEXT(""Beed adobo inasal"")","Food","Consumable","consume","Epic","Pocket1","True","99","2","0","200900102"
"DT_Cooking","AOD_Greensaladflakes","Beer","INVTEXT(""Green salad flakes"")","Food","Consumable","consume","Superior","Pocket1","True","99","2","0","200900102"
"DT_Cooking","AOD_Halftunasauce","Beer","INVTEXT(""Half tuna sause cream"")","Food","Consumable","consume","Superior","Pocket1","True","99","2","0","200900102"
"DT_Cooking","AOD_Mushroomsalad","Beer","INVTEXT(""Mushroom salad in a plate"")","Food","Consumable","consume","Superior","Pocket1","True","99","2","0","200900102"
"DT_Cooking","AOD_Tunaporkflakes","Beer","INVTEXT(""Tuna pork flakes"")","Food","Consumable","consume","Legendary","Pocket1","True","99","2","0","200900102"
"DT_Cooking","EBVegan","Beer","INVTEXT(""Grilled beef with egg"")","Food","Consumable","consume","Legendary","Pocket1","True","99","2","0","200900102"
"DT_Cooking","MixMushroom","Beer","INVTEXT(""Rambulan ng mushroom"")","Food","Consumable","consume","Superior","Pocket1","True","99","2","0","200900102"
"DT_Cooking","MushroomSoup","Beer","INVTEXT(""Mushroom Soup"")","Food","Consumable","consume","Superior","Pocket1","True","99","2","0","200900102"
"DT_Cooking","PBTilapia","Beer","INVTEXT(""Grilled Pork, Beef and Tilapia"")","Food","Consumable","consume","Legendary","Pocket1","True","99","2","0","200900102"
"DT_Cooking","PBTuna","Beer","INVTEXT(""Grilled Pork, Beef and Salmon"")","Food","Consumable","consume","Legendary","Pocket1","True","99","2","0","200900102"
"DT_Cooking","TilapiaTomatoe","Beer","INVTEXT(""Sharshado"")","Food","Consumable","consume","Legendary","Pocket1","True","99","2","0","200900102"
"DT_Cooking","BBQGrilled","Bread","INVTEXT(""BBQ grilled smoke"")","Food","Consumable","consume","Common","Pocket1","True","99","1","0","200900101"
"DT_Cooking","BeefGrilledMushroom","Bread","INVTEXT(""Beef grilled mushrrom"")","Food","Consumable","consume","Common","Pocket1","True","99","1","0","200900101"
"DT_Cooking","BlueSoup","Bread","INVTEXT(""Blue onion soup"")","Food","Consumable","consume","Superior","Pocket1","True","99","1","0","200900101"
"DT_Cooking","BrownSoup","Bread","INVTEXT(""Brown carrot soup"")","Food","Consumable","consume","Common","Pocket1","True","99","1","0","200900101"
"DT_Cooking","DoubleFishGrilled","Bread","INVTEXT(""Twin fish grilled"")","Food","Consumable","consume","Superior","Pocket1","True","99","1","0","200900101"
"DT_Cooking","FamilyFishGrilled","Bread","INVTEXT(""Family fish grilled"")","Food","Consumable","consume","Epic","Pocket1","True","99","1","0","200900101"
"DT_Cooking","FishGrilledMushroom","Bread","INVTEXT(""Fish mushroom grilled"")","Food","Consumable","consume","Common","Pocket1","True","99","1","0","200900101"
"DT_Cooking","GoldSoup","Bread","INVTEXT(""Mushroom golden soup"")","Food","Consumable","consume","Superior","Pocket1","True","99","1","0","200900101"
"DT_Cooking","Greensoup","Bread","INVTEXT(""Leaf soup"")","Food","Consumable","consume","Superior","Pocket1","True","99","1","0","200900101"
"DT_Cooking","KarneInihaw","Bread","INVTEXT(""Inihaw na karne"")","Food","Consumable","consume","Superior","Pocket1","True","99","1","0","200900101"
"DT_Cooking","MaroonSoup","Bread","INVTEXT(""Kalabasa soup"")","Food","Consumable","consume","Superior","Pocket1","True","99","1","0","200900101"
"DT_Cooking","MushroomGrilled","Bread","INVTEXT(""Mushroom grilled"")","Food","Consumable","consume","Common","Pocket1","True","99","1","0","200900101"
"DT_Cooking","PinkSoup","Bread","INVTEXT(""Heart soup"")","Food","Consumable","consume","Superior","Pocket1","True","99","1","0","200900101"
"DT_Cooking","RambleGrilled","Bread","INVTEXT(""Ramble grilled smoke"")","Food","Consumable","consume","Common","Pocket1","True","99","1","0","200900101"
"DT_Cooking","RedSoup","Bread","INVTEXT(""Red fish soup"")","Food","Consumable","consume","Superior","Pocket1","True","99","1","0","200900101"
"DT_Cooking","TwiBBQGrilled","Bread","INVTEXT(""Twin BBQ grilled"")","Food","Consumable","consume","Superior","Pocket1","True","99","1","0","200900101"
"DT_Cooking","ApplePen","Breadroll","INVTEXT(""Pen pen apple pen"")","Food","Consumable","consume","Superior","Pocket1","True","99","1","0","200900103"
"DT_Cooking","Failed","Breadroll","INVTEXT(""Lupa man ini"")","Food","Consumable","consume","Common","Pocket1","True","99","1","0","200900103"
"DT_Cooking","OnigiriTuna","Carrot","INVTEXT(""Onigiri with tuna on top"")","Food","Consumable","consume","Epic","Pocket1","True","99","1","0","200900104"
"DT_Cooking","TilapiaInihaw","Cucumber","INVTEXT(""Inihaw na tilapia"")","Food","Consumable","consume","Superior","Pocket1","True","99","2","0","200900105"
"DT_CraftingIngredients","Azure","Azure","INVTEXT(""Azure Gemstone"")","Crafting Ingredient","None","unknown","Superior","None","True","99","155","0","800100102"
"DT_CraftingIngredients","BlueCloth","BlueCloth","INVTEXT(""Blue Cloth"")","Crafting Ingredient","None","unknown","Superior","None","True","99","2","0","800100103"
"DT_CraftingIngredients","Bronze","Bronze","INVTEXT(""Bronze Bars"")","Crafting Ingredient","None","unknown","Common","None","True","99","25","0","800100104"
"DT_CraftingIngredients","Copper","Copper","INVTEXT(""Copper Bars"")","Crafting Ingredient","None","unknown","Superior","None","True","99","15","0","800100105"
"DT_CraftingIngredients","Gold","Gold","INVTEXT(""Gold Bars"")","Crafting Ingredient","None","unknown","Epic","None","True","99","100","0","800100106"
"DT_CraftingIngredients","GreenCloth","GreenCloth","INVTEXT(""Green Cloth"")","Crafting Ingredient","None","unknown","Epic","None","True","99","2","0","800100107"
"DT_CraftingIngredients","Leather","Leather","INVTEXT(""Piece of Leather"")","Crafting Ingredient","None","unknown","Common","None","True","99","5","0","800100108"
"DT_CraftingIngredients","RedCloth","RedCloth","INVTEXT(""Red Cloth"")","Crafting Ingredient","None","unknown","Epic","None","True","99","2","0","800100109"
"DT_CraftingIngredients","Ruby","Ruby","INVTEXT(""Ruby Gemstone"")","Crafting Ingredient","None","unknown","Legendary","None","True","99","140","0","800100110"
"DT_CraftingIngredients","Silver","Silver","INVTEXT(""Silver Bars"")","Crafting Ingredient","None","unknown","Superior","None","True","99","10","0","800100111"
"DT_CraftingIngredients","Steel","Steel","INVTEXT(""Steel Bars"")","Crafting Ingredient","None","unknown","Common","None","True","99","40","0","800100112"
"DT_CraftingIngredients","Twine","Twine","INVTEXT(""Twine"")","Crafting Ingredient","None","unknown","Common","None","True","99","2","0","800100113"
"DT_CraftingIngredients","Wood","Wood","INVTEXT(""Wood"")","Crafting Ingredient","None","unknown","Common","None","True","99","3","0","800100114"
"DT_Fish_Ingredients","Fish_01","fish_01","NSLOCTEXT(""[BFC4466C457558225C99F1AA320C75B2]"", ""036B48094B3B8DE68BB607B8FA6676EF"", ""Green Tilapia"")","Food","Consumable","consume","Common","Pocket1","True","99","1","0","800100115"
"DT_Fish_Ingredients","Fish_02","fish_02","NSLOCTEXT(""[BFC4466C457558225C99F1AA320C75B2]"", ""F34CE39A48FB4DE1E4FD55AC1BA71556"", ""Red Tide Tilapia"")","Food","Consumable","consume","Epic","Pocket1","True","99","1","0","800100116"
"DT_Fish_Ingredients","Fish_03","fish_02","NSLOCTEXT(""[BFC4466C457558225C99F1AA320C75B2]"", ""4BA693324B1E2F80DFB87896B21E8FB4"", ""Jumbo Piranha"")","Food","Consumable","consume","Legendary","Pocket1","True","99","1","0","800100116"
"DT_Fish_Ingredients","Fish_04","fish_02","NSLOCTEXT(""[BFC4466C457558225C99F1AA320C75B2]"", ""3B2B35024560F74DD813198D09A75D8D"", ""Blue Tambaguy"")","Food","Consumable","consume","Superior","Pocket1","True","99","1","0","800100116"
"DT_Fish_Ingredients","Fish_05","fish_02","NSLOCTEXT(""[BFC4466C457558225C99F1AA320C75B2]"", ""6AF4475F43E0C907877F32BA759FE24E"", ""Green Tambaguy"")","Food","Consumable","consume","Superior","Pocket1","True","99","1","0","800100116"
"DT_Fish_Ingredients","Fish_06","fish_02","NSLOCTEXT(""[BFC4466C457558225C99F1AA320C75B2]"", ""312B835649DF2A8EAD70208082743240"", ""Angry Tambaguy"")","Food","Consumable","consume","Superior","Pocket1","True","99","1","0","800100116"
"DT_Fish_Ingredients","Fish_07","fish_02","NSLOCTEXT(""[BFC4466C457558225C99F1AA320C75B2]"", ""BF2968924ABC48D45190618BF82E762F"", ""Proud Salmon"")","Food","Consumable","consume","Epic","Pocket1","True","99","1","0","800100116"
"DT_Fish_Ingredients","Fish_08","fish_02","NSLOCTEXT(""[BFC4466C457558225C99F1AA320C75B2]"", ""865CC89A4A5A866935B47E8E8E371F6C"", ""Golden Isda"")","Food","Consumable","consume","Legendary","Pocket1","True","99","1","0","800100116"
"DT_Fish_Ingredients","Fish_09","fish_02","NSLOCTEXT(""[BFC4466C457558225C99F1AA320C75B2]"", ""90D041A24381BF6F202A848410129011"", ""Happy Isda"")","Food","Consumable","consume","Legendary","Pocket1","True","99","1","0","800100116"
"DT_Fish_Ingredients","Fish_10","fish_02","NSLOCTEXT(""[BFC4466C457558225C99F1AA320C75B2]"", ""6E71315A4A752BF3138D849877F477E7"", ""Brownish Isda"")","Food","Consumable","consume","Legendary","Pocket1","True","99","1","0","800100116"
"DT_Fish_Ingredients","Fish_11","fish_02","NSLOCTEXT(""[BFC4466C457558225C99F1AA320C75B2]"", ""3ED0250D412C4DFDEE21329E99454862"", ""Chismosang Isda"")","Food","Consumable","consume","Legendary","Pocket1","True","99","1","0","800100116"
"DT_Fish_Ingredients","Fish_12","fish_02","NSLOCTEXT(""[BFC4466C457558225C99F1AA320C75B2]"", ""52E53E784DE69B89BF708CA927743979"", ""Chismosong Isda"")","Food","Consumable","consume","Legendary","Pocket1","True","99","1","0","800100116"
"DT_Fish_Ingredients","Wheat","g_wheat","NSLOCTEXT(""[BFC4466C457558225C99F1AA320C75B2]"", ""42D174D046563EB4E6E7F9B46FDA58D6"", ""Wheat"")","Crafting Ingredient","None","unknown","Superior","None","True","99","28","0","800100117"
"DT_GatherResources","Apple","g_apple","NSLOCTEXT(""[F5DE5C0547362CB376D7BC8CC72781D1]"", ""8AF58B1E4AD93BE181B3DC98495B76F1"", ""Apple"")","Food","Consumable","consume","Consumable","Pocket1","True","99","1","0","800100118"
"DT_GatherResources","Bush","g_bush","NSLOCTEXT(""[F5DE5C0547362CB376D7BC8CC72781D1]"", ""30B6744842DF8783CF1D3A8897991038"", ""Enchanted Bush"")","Crafting Ingredient","None","unknown","Superior","None","True","99","28","0","800100119"
"DT_GatherResources","Mushroom","g_mushroom","NSLOCTEXT(""[F5DE5C0547362CB376D7BC8CC72781D1]"", ""E33EF327429ABD9464EDA9B286BB82D8"", ""Red Mushroom"")","Food","Consumable","consume","Consumable","Pocket1","True","99","1","0","800100120"
"DT_GatherResources","Potato","g_potato","NSLOCTEXT(""[F5DE5C0547362CB376D7BC8CC72781D1]"", ""D7EC7F214274AFF01C66C0A2708A42AA"", ""Potato"")","Food","Consumable","consume","Consumable","Pocket1","True","99","1","0","800100121"
"DT_GatherResources","Stone","g_stone","NSLOCTEXT(""[F5DE5C0547362CB376D7BC8CC72781D1]"", ""8F106DCE4DF066A9E69F07B07B9F476F"", ""Stone"")","Crafting Ingredient","None","unknown","Common","None","True","99","28","0","800100122"
"DT_GatherResources","Wheat","g_wheat","NSLOCTEXT(""[F5DE5C0547362CB376D7BC8CC72781D1]"", ""7D8EECED4831C0EC79F2929D5A9573A9"", ""Wheat"")","Crafting Ingredient","None","unknown","Superior","None","True","99","28","0","800100117"
"DT_Glider","Book01LBrown","glider01","NSLOCTEXT(""[620647F44833030942472C9B0B6EA5E8]"", ""1BBC65B6404A97394E13BABC18D14F73"", ""Adventurer Skyblue Wood Glider"")","Glider","Mount","equip","Legendary","Glider","False","1","28","0","800100123"
"DT_Glider","Book01LBrown_0","glider02","NSLOCTEXT(""[620647F44833030942472C9B0B6EA5E8]"", ""44051B27440772DFCAE696B98139D94A"", ""Adventurer Red Wood Glider"")","Glider","Mount","equip","Superior","Glider","False","1","28","0","800100124"
"DT_Glider","Book01LBrown_1","glider02","NSLOCTEXT(""[620647F44833030942472C9B0B6EA5E8]"", ""178498194FC9802FEA7D64BCF23F9849"", ""Adventurer Green Wood Glider"")","Glider","Mount","equip","Epic","Glider","False","1","28","0","800100124"
"DT_Glider","Book01LBrown_2","glider02","NSLOCTEXT(""[620647F44833030942472C9B0B6EA5E8]"", ""F55E84A14AB6B59FE150F09C2F0233F9"", ""Adventurer Brown Wood Glider"")","Glider","Mount","equip","Common","Glider","False","1","28","0","800100124"
"DT_Weapons","BasicArrow01","BasicArrow01","NSLOCTEXT(""[92D673A54F3309A2C4644681576ED93E]"", ""40B1D8AE467EE702FA6CBBABE26E5C6B"", ""Basic Wood Arrow"")","Arrow","Range","equip","Superior","Arrow","True","50","3","0","800100118"
"DT_Weapons","BenezerShield_DDRank1","Benezershield_DSR1","NSLOCTEXT(""[92D673A54F3309A2C4644681576ED93E]"", ""60BD70ED4ADF3C26B9B4CA86DC19484E"", ""Defender Pawn Shield"")","Shield","Weapon","equip","Superior","Shield","False","1","45","0","800100119"
"DT_Weapons","BenezerShield_DDRank2","Benezershield_DSR2","NSLOCTEXT(""[92D673A54F3309A2C4644681576ED93E]"", ""3D0E68F6480FE3A4BF9DDCBFC0E47B3C"", ""Defender Knight Shield"")","Shield","Weapon","equip","Epic","Shield","False","1","45","0","800100120"
"DT_Weapons","BenezerShield_DDRank3","Benezershield_DSR3","NSLOCTEXT(""[92D673A54F3309A2C4644681576ED93E]"", ""85524B5047C9C4A90197A9B23D8CD386"", ""Royal Defender Shield"")","Shield","Weapon","equip","Legendary","Shield","False","1","45","0","800100121"
"DT_Weapons","BenezerShield_KDRank1","Benezershield_KSR1","NSLOCTEXT(""[92D673A54F3309A2C4644681576ED93E]"", ""3E33682944A6AC3595B1158795FCF321"", ""Castle Pawn Shield"")","Shield","Weapon","equip","Superior","Shield","False","1","45","0","800100122"
"DT_Weapons","BenezerShield_KDRank2","Benezershield_KSR2","NSLOCTEXT(""[92D673A54F3309A2C4644681576ED93E]"", ""A55D93BE468EAD48B91C58A6C8FEC446"", ""Castle Knight Shield"")","Shield","Weapon","equip","Epic","Shield","False","1","45","0","800100123"
"DT_Weapons","BenezerShield_KDRank3","Benezershield_KSR3","NSLOCTEXT(""[92D673A54F3309A2C4644681576ED93E]"", ""CAF59351440339F82F61BAB50188D484"", ""Castle Captain Shield"")","Shield","Weapon","equip","Legendary","Shield","False","1","45","0","800100124"
"DT_Weapons","BenezerShield_NDRank1","Benezershield_NSR1","NSLOCTEXT(""[92D673A54F3309A2C4644681576ED93E]"", ""DA6B4BAF4B0D101E9201439EED8ECE6C"", ""Night Watcher Pawn Shield"")","Shield","Weapon","equip","Superior","Shield","False","1","45","0","800100125"
"DT_Weapons","BenezerShield_NDRank2","Benezershield_NSR2","NSLOCTEXT(""[92D673A54F3309A2C4644681576ED93E]"", ""C194E3324BCD2A8578EAF787044964E6"", ""Night Watcher Guard Shield"")","Shield","Weapon","equip","Epic","Shield","False","1","45","0","800100126"
"DT_Weapons","BenezerShield_NDRank3","Benezershield_NSR3","NSLOCTEXT(""[92D673A54F3309A2C4644681576ED93E]"", ""E9CFEF344E9FC403247D5FB0420C2EE4"", ""Night Watcher Knight Shield"")","Shield","Weapon","equip","Legendary","Shield","False","1","45","0","800100127"
"DT_Weapons","ClaybornBlade_CDRank1","Clayborn_CF1","NSLOCTEXT(""[92D673A54F3309A2C4644681576ED93E]"", ""6E70235B452DAAD8602F9FAD9D207E87"", ""Clayborn\'s Blade of cutlas R1"")","Weapon","Weapon","equip","Superior","Weapon","False","1","125","0","800100129"
"DT_Weapons","ClaybornBlade_CARank2","Clayborn_CF2","NSLOCTEXT(""[92D673A54F3309A2C4644681576ED93E]"", ""F9616DE54B700AB8B03C5AB3092447D7"", ""Clayborn\'s Blade of cutlas R2"")","Weapon","Weapon","equip","Epic","Weapon","False","1","125","0","800100128"
"DT_Weapons","ClaybornBlade_CSRank3","Clayborn_CF3","NSLOCTEXT(""[92D673A54F3309A2C4644681576ED93E]"", ""64D6260C4233B3DBB24143B6D9FEC29F"", ""Clayborn\'s Blade of cutlas R3"")","Weapon","Weapon","equip","Legendary","Weapon","False","1","125","0","800100130"
"DT_Weapons","ClaybornBlade_FDRank1","Clayborn_FF1","NSLOCTEXT(""[92D673A54F3309A2C4644681576ED93E]"", ""644A6DD145918B9CBA7948A77E3CFA7B"", ""Clayborn\'s Blade of fluke R1"")","Weapon","Weapon","equip","Superior","Weapon","False","1","125","0","800100132"
"DT_Weapons","ClaybornBlade_FARank2","Clayborn_FF2","NSLOCTEXT(""[92D673A54F3309A2C4644681576ED93E]"", ""4E77E585413967A8A792DB8AEDD066DA"", ""Clayborn\'s Blade of fluke R2"")","Weapon","Weapon","equip","Epic","Weapon","False","1","125","0","800100131"
"DT_Weapons","ClaybornBlade_FSRank3","Clayborn_FF3","NSLOCTEXT(""[92D673A54F3309A2C4644681576ED93E]"", ""D263E38A40BBDB2F388990A60368FCA0"", ""Clayborn\'s Blade of fluke R3"")","Weapon","Weapon","equip","Legendary","Weapon","False","1","125","0","800100133"
"DT_Weapons","ClaybornBlade_GDRank1","Clayborn_GF1","NSLOCTEXT(""[92D673A54F3309A2C4644681576ED93E]"", ""D5CF70CF4B9EFA233A7945B1F16BF5F7"", ""Clayborn\'s Blade of gladius R1"")","Weapon","Weapon","equip","Superior","Weapon","False","1","125","0","800100135"
"DT_Weapons","ClaybornBlade_GARank2","Clayborn_GF2","NSLOCTEXT(""[92D673A54F3309A2C4644681576ED93E]"", ""F549D59041091470A45222943C717A81"", ""Clayborn\'s Blade of gladius R2"")","Weapon","Weapon","equip","Epic","Weapon","False","1","125","0","800100134"
"DT_Weapons","ClaybornBlade_GSRank3","Clayborn_GF3","NSLOCTEXT(""[92D673A54F3309A2C4644681576ED93E]"", ""D40C4A7F489BDD50D678CCB23B0FB75E"", ""Clayborn\'s Blade of gladius R3"")","Weapon","Weapon","equip","Legendary","Weapon","False","1","125","0","800100136"
"DT_Weapons","DawnDemonicBow_1","DBow01","NSLOCTEXT(""[92D673A54F3309A2C4644681576ED93E]"", ""076CD1AB4CE1D4DE4969C7BB2CE5E3DE"", ""Dawn Demonic Bow R1"")","Bow","Range","equip","Superior","Bow","False","1","45","0","800100137"
"DT_Weapons","DawnDemonicBow_2","DBow02","NSLOCTEXT(""[92D673A54F3309A2C4644681576ED93E]"", ""4BB28A6B481309939F3764B37B527E1A"", ""Dawn Demonic Bow R2"")","Bow","Range","equip","Epic","Bow","False","1","45","0","800100138"
"DT_Weapons","DawnDemonicBow_3","DBow03","NSLOCTEXT(""[92D673A54F3309A2C4644681576ED93E]"", ""A4498A204D8663A045F47D9CDB437D94"", ""Dawn Demonic Bow R3"")","Bow","Range","equip","Legendary","Bow","False","1","45","0","800100139"
"DT_Weapons","DragoniaBlade_BDRank1","Dragonia_DB1","NSLOCTEXT(""[92D673A54F3309A2C4644681576ED93E]"", ""3D1DD84F4212CEA19BDA6796FE114787"", ""Dragonia Blade of baltson R1"")","Weapon","Weapon","equip","Superior","Weapon","False","1","125","0","800100141"
"DT_Weapons","DragoniaBlade_BARank2","Dragonia_DB2","NSLOCTEXT(""[92D673A54F3309A2C4644681576ED93E]"", ""22BB6B6E416EA50314E5F780308346CC"", ""Dragonia Blade of baltson R2"")","Weapon","Weapon","equip","Epic","Weapon","False","1","125","0","800100140"
"DT_Weapons","DragoniaBlade_BSRank3","Dragonia_DB3","NSLOCTEXT(""[92D673A54F3309A2C4644681576ED93E]"", ""E5ECD73B49380D89923D958FC8DB4F13"", ""Dragonia Blade of baltson R3"")","Weapon","Weapon","equip","Legendary","Weapon","False","1","125","0","800100142"
"DT_Weapons","DragoniaBlade_FDRank1","Dragonia_DF1","NSLOCTEXT(""[92D673A54F3309A2C4644681576ED93E]"", ""D5369F7846BC757D73DDFB8B7603C08F"", ""Dragonia Blade of farren R1"")","Weapon","Weapon","equip","Superior","Weapon","False","1","125","0","800100144"
"DT_Weapons","DragoniaBlade_FARank2","Dragonia_DF2","NSLOCTEXT(""[92D673A54F3309A2C4644681576ED93E]"", ""C922ECE742D527DF4C14B1BBF25BD792"", ""Dragonia Blade of farren R2"")","Weapon","Weapon","equip","Epic","Weapon","False","1","125","0","800100143"
"DT_Weapons","DragoniaBlade_FSRank3","Dragonia_DF3","NSLOCTEXT(""[92D673A54F3309A2C4644681576ED93E]"", ""F2C7D96F434F625BBA36A1A06C23FB47"", ""Dragonia Blade of farren R3"")","Weapon","Weapon","equip","Legendary","Weapon","False","1","125","0","800100145"
"DT_Weapons","DragoniaBlade_VDRank1","Dragonia_DV1","NSLOCTEXT(""[92D673A54F3309A2C4644681576ED93E]"", ""A3F2D2F644A898DE2270A8913E1C7A98"", ""Dragonia Blade of violetta R1"")","Weapon","Weapon","equip","Superior","Weapon","False","1","125","0","800100147"
"DT_Weapons","DragoniaBlade_VARank2","Dragonia_DV2","NSLOCTEXT(""[92D673A54F3309A2C4644681576ED93E]"", ""CB51A40044D0530CB778E2911F9DCFCC"", ""Dragonia Blade of violetta R2"")","Weapon","Weapon","equip","Epic","Weapon","False","1","125","0","800100146"
"DT_Weapons","DragoniaBlade_VSRank3","Dragonia_DV3","NSLOCTEXT(""[92D673A54F3309A2C4644681576ED93E]"", ""CFE263BD4608DA386B072BB0B0338692"", ""Dragonia Blade of violetta R3"")","Weapon","Weapon","equip","Legendary","Weapon","False","1","125","0","800100148"
"DT_Weapons","DualSword01","DualSword01","NSLOCTEXT(""[92D673A54F3309A2C4644681576ED93E]"", ""7B19E2C4413605BF910D9987E33A8F23"", ""The Witcher TwinBlade Destroyer"")","Weapon","Weapon","equip","Legendary","Weapon","False","1","125","0","800100149"
"DT_Weapons","DualSword02","DualSword02","NSLOCTEXT(""[92D673A54F3309A2C4644681576ED93E]"", ""95B31E9D426E958A3CD2C8866F38E0AC"", ""The Metal Dual Sword"")","Weapon","Weapon","equip","Epic","Weapon","False","1","125","0","800100150"
"DT_Weapons","WoodBow_1","ESBow01","NSLOCTEXT(""[92D673A54F3309A2C4644681576ED93E]"", ""84A3EAFD496D0449BEE70B856E2AE1E5"", ""Eastern Wooden Bow"")","Bow","Range","equip","Common","Bow","False","1","45","0","800100225"
"DT_Weapons","ExplosiveArrow01","ExplosiveArrow01","NSLOCTEXT(""[92D673A54F3309A2C4644681576ED93E]"", ""1EB6A6514100D42D59D475BAE6A9B9FE"", ""Grande Arrow "")","Arrow","Range","equip","Legendary","Arrow","True","50","3","0","800100151"
"DT_Weapons","FlareDemonicBow_1","FBow01","NSLOCTEXT(""[92D673A54F3309A2C4644681576ED93E]"", ""D8F9450B4D67278A13ADC2BB394A8A8E"", ""Flare Demonic Bow R1"")","Bow","Range","equip","Superior","Bow","False","1","45","0","800100152"
"DT_Weapons","FlareDemonicBow_2","FBow02","NSLOCTEXT(""[92D673A54F3309A2C4644681576ED93E]"", ""0D72413541C02BE8A625E19EA8129FE8"", ""Flare Demonic Bow R2"")","Bow","Range","equip","Epic","Bow","False","1","45","0","800100153"
"DT_Weapons","FlareDemonicBow_3","FBow03","NSLOCTEXT(""[92D673A54F3309A2C4644681576ED93E]"", ""D61FF685480AF650A80A63960FA326DE"", ""Flare Demonic Bow R3"")","Bow","Range","equip","Legendary","Bow","False","1","45","0","800100154"
"DT_Weapons","FreezeArrow01","FreezeArrow01","NSLOCTEXT(""[92D673A54F3309A2C4644681576ED93E]"", ""AEA2634749FF0DFB3A55839F21399F97"", ""Freeze of the East Arrow"")","Arrow","Range","equip","Epic","Arrow","True","50","3","0","800100155"
"DT_Weapons","Greatsword01","GreatSword01","NSLOCTEXT(""[92D673A54F3309A2C4644681576ED93E]"", ""AF1CC93C404728744941AC849A5FED0A"", ""The Holy Skyfall blade"")","Weapon","Weapon","equip","Legendary","Weapon","False","1","125","0","800100156"
"DT_Weapons","ItimarasBlade_IDRank1","Itimaras_IF1","NSLOCTEXT(""[92D673A54F3309A2C4644681576ED93E]"", ""B7185E124021C857D4DA82A9616BE3F1"", ""Itimar\'s Blade of faith R1"")","Weapon","Weapon","equip","Superior","Weapon","False","1","125","0","800100158"
"DT_Weapons","ItimarasBlade_IARank2","Itimaras_IF2","NSLOCTEXT(""[92D673A54F3309A2C4644681576ED93E]"", ""82A308DA4E9C384A40DA77AADAC3CE7F"", ""Itimar\'s Blade of faith R2"")","Weapon","Weapon","equip","Epic","Weapon","False","1","125","0","800100157"
"DT_Weapons","ItimarasBlade_ISRank3","Itimaras_IF3","NSLOCTEXT(""[92D673A54F3309A2C4644681576ED93E]"", ""D9119F2D4B44C39A098866B3DCAF93BC"", ""Itimar\'s Blade of faith R3"")","Weapon","Weapon","equip","Legendary","Weapon","False","1","125","0","800100159"
"DT_Weapons","ItimarasBlade_SDRank1","Itimaras_ST1","NSLOCTEXT(""[92D673A54F3309A2C4644681576ED93E]"", ""03EF325B4D5B85001454A284121B0C94"", ""Itimar\'s Blade of truth R1"")","Weapon","Weapon","equip","Superior","Weapon","False","1","125","0","800100164"
"DT_Weapons","ItimarasBlade_SARank2","Itimaras_ST2","NSLOCTEXT(""[92D673A54F3309A2C4644681576ED93E]"", ""DCBBAB6B454FF890F1E8BEAB6E3156A7"", ""Itimar\'s Blade of truth R2"")","Weapon","Weapon","equip","Epic","Weapon","False","1","125","0","800100163"
"DT_Weapons","ItimarasBlade_SSRank3","Itimaras_ST3","NSLOCTEXT(""[92D673A54F3309A2C4644681576ED93E]"", ""27CC4D6B469CF1D0503B93B7C616087C"", ""Itimar\'s Blade of truth R3"")","Weapon","Weapon","equip","Legendary","Weapon","False","1","125","0","800100165"
"DT_Weapons","KaelShield_EDRank1","Kaelshield_ESR1","NSLOCTEXT(""[92D673A54F3309A2C4644681576ED93E]"", ""BA0BB60A46243C62B83F71A9D144FA4D"", ""Estern Chaos Shield R1"")","Shield","Weapon","equip","Superior","Shield","False","1","45","0","800100167"
"DT_Weapons","KaelShield_EARank2","Kaelshield_ESR2","NSLOCTEXT(""[92D673A54F3309A2C4644681576ED93E]"", ""579D3D5B419D5AEC0D6DE9A502E34013"", ""Estern Chaos Shield R2"")","Shield","Weapon","equip","Epic","Shield","False","1","45","0","800100166"
"DT_Weapons","KaelShield_ESRank3","Kaelshield_ESR3","NSLOCTEXT(""[92D673A54F3309A2C4644681576ED93E]"", ""0888AE8446A7A0E665AD39BCACA94A0B"", ""Estern Chaos Shield R3"")","Shield","Weapon","equip","Legendary","Shield","False","1","45","0","800100168"
"DT_Weapons","KaelShield_NDRank1","Kaelshield_NSR1","NSLOCTEXT(""[92D673A54F3309A2C4644681576ED93E]"", ""7C920E3446BDC083474C42B92EAD046F"", ""Northen Chaos Shield R1"")","Shield","Weapon","equip","Superior","Shield","False","1","45","0","800100170"
"DT_Weapons","KaelShield_NARank2","Kaelshield_NSR2","NSLOCTEXT(""[92D673A54F3309A2C4644681576ED93E]"", ""9524F6304C7D665AA54E56A9318F8206"", ""Northen Chaos Shield R2"")","Shield","Weapon","equip","Epic","Shield","False","1","45","0","800100169"
"DT_Weapons","KaelShield_NSRank3","Kaelshield_NSR3","NSLOCTEXT(""[92D673A54F3309A2C4644681576ED93E]"", ""B642F9534A9ECEBBA0E6C7BD9B212A6C"", ""Northen Chaos Shield R3"")","Shield","Weapon","equip","Legendary","Shield","False","1","45","0","800100171"
"DT_Weapons","KaelShield_WDRank1","Kaelshield_WSR1","NSLOCTEXT(""[92D673A54F3309A2C4644681576ED93E]"", ""592006F142F24EBBE7359494EDDA7781"", ""Western Chaos Shield R1"")","Shield","Weapon","equip","Superior","Shield","False","1","45","0","800100173"
"DT_Weapons","KaelShield_WARank2","Kaelshield_WSR2","NSLOCTEXT(""[92D673A54F3309A2C4644681576ED93E]"", ""B8C4B12D47443171206EE1981917B33D"", ""Western Chaos Shield R2"")","Shield","Weapon","equip","Epic","Shield","False","1","45","0","800100172"
"DT_Weapons","KaelShield_WSRank3","Kaelshield_WSR3","NSLOCTEXT(""[92D673A54F3309A2C4644681576ED93E]"", ""C3AF2D974F0FFE0C31079EB109C2D3DC"", ""Western Chaos Shield R3"")","Shield","Weapon","equip","Legendary","Shield","False","1","45","0","800100174"
"DT_Weapons","SteelKatana","Katana_st","NSLOCTEXT(""[92D673A54F3309A2C4644681576ED93E]"", ""FC482C3547B1F57EF31345B442CA5246"", ""Steel Katana Rog"")","Weapon","Weapon","equip","Legendary","Weapon","False","1","125","0","800100221"
"DT_Weapons","KishShield_KDRank1","Keppershield_KSR1","NSLOCTEXT(""[92D673A54F3309A2C4644681576ED93E]"", ""4124209A46B6B7DA100ABB9C583EE22A"", ""Kish Keeper Wooden Shield"")","Shield","Weapon","equip","Common","Shield","False","1","45","0","800100179"
"DT_Weapons","KishShield_KARank2","Keppershield_KSR2","NSLOCTEXT(""[92D673A54F3309A2C4644681576ED93E]"", ""01B057D6421EDCE6E3A3B1AB6EB2A0A4"", ""Kish Keeper Enchanced Shield"")","Shield","Weapon","equip","Superior","Shield","False","1","45","0","800100178"
"DT_Weapons","KishShield_KSRank3","Keppershield_KSR3","NSLOCTEXT(""[92D673A54F3309A2C4644681576ED93E]"", ""21BB1F374DF38CEA12B020B0295A5ED5"", ""Kish Keeper Shield"")","Shield","Weapon","equip","Legendary","Shield","False","1","45","0","800100180"
"DT_Weapons","KishShield_ADRank1","Kishshield_WSR1","NSLOCTEXT(""[92D673A54F3309A2C4644681576ED93E]"", ""32D11F454408D8FE45B9F4927DE732B4"", ""Kish Alpha Wooden Shield"")","Shield","Weapon","equip","Common","Shield","False","1","45","0","800100176"
"DT_Weapons","KishShield_AARank2","Kishshield_WSR2","NSLOCTEXT(""[92D673A54F3309A2C4644681576ED93E]"", ""314F272B4321FA54C523D3B845910A81"", ""Kish Alpha Enchanced Shield"")","Shield","Weapon","equip","Superior","Shield","False","1","45","0","800100175"
"DT_Weapons","KishShield_ASRank3","Kishshield_WSR3","NSLOCTEXT(""[92D673A54F3309A2C4644681576ED93E]"", ""2D924A664F135A8505F3C59FAA2CEBA5"", ""Kish Alpha Shield"")","Shield","Weapon","equip","Legendary","Shield","False","1","45","0","800100177"
"DT_Weapons","KishShield_MDRank1","Miseryshield_KSR1","NSLOCTEXT(""[92D673A54F3309A2C4644681576ED93E]"", ""908D65AC4697DD89FECF68B6781C1A55"", ""Kish Misery Wooden Shield"")","Shield","Weapon","equip","Common","Shield","False","1","45","0","800100182"
"DT_Weapons","KishShield_MARank2","Miseryshield_KSR2","NSLOCTEXT(""[92D673A54F3309A2C4644681576ED93E]"", ""928908AF4377E55D9D9309A446D93081"", ""Kish Misery Enchanced Shield"")","Shield","Weapon","equip","Superior","Shield","False","1","45","0","800100181"
"DT_Weapons","KishShield_MSRank3","Miseryshield_KSR3","NSLOCTEXT(""[92D673A54F3309A2C4644681576ED93E]"", ""A485F87D4AD493816BD83FA81C403679"", ""Kish Misery Shield"")","Shield","Weapon","equip","Legendary","Shield","False","1","45","0","800100183"
"DT_Weapons","NatuShield_CDRank1","Natushield_CSR1","NSLOCTEXT(""[92D673A54F3309A2C4644681576ED93E]"", ""BE99A4224FD73D1BE7CD4EB91C179617"", ""Captain Wooden Shield"")","Shield","Weapon","equip","Superior","Shield","False","1","45","0","800100185"
"DT_Weapons","NatuShield_CARank2","Natushield_CSR2","NSLOCTEXT(""[92D673A54F3309A2C4644681576ED93E]"", ""D30BD921442DEA72678048AA75E2426C"", ""Captain Enhanched Shield"")","Shield","Weapon","equip","Epic","Shield","False","1","45","0","800100184"
"DT_Weapons","NatuShield_CSRank3","Natushield_CSR3","NSLOCTEXT(""[92D673A54F3309A2C4644681576ED93E]"", ""BFBC77DE4A8274366A78A79E599620B0"", ""Captain Great Shield"")","Shield","Weapon","equip","Legendary","Shield","False","1","45","0","800100186"
"DT_Weapons","NatuShield_GDRank1","Natushield_GSR1","NSLOCTEXT(""[92D673A54F3309A2C4644681576ED93E]"", ""4A89ECAC43C4B76E4CA0D785ACE8643C"", ""Goblin Wooden Shield"")","Shield","Weapon","equip","Superior","Shield","False","1","45","0","800100188"
"DT_Weapons","NatuShield_GARank2","Natushield_GSR2","NSLOCTEXT(""[92D673A54F3309A2C4644681576ED93E]"", ""E85089AC489B224DCA1316BD5357DC7D"", ""Goblin Enhanched Shield"")","Shield","Weapon","equip","Epic","Shield","False","1","45","0","800100187"
"DT_Weapons","NatuShield_GSRank3","Natushield_GSR3","NSLOCTEXT(""[92D673A54F3309A2C4644681576ED93E]"", ""7539DE2846DE632149C027AFBBEC6F5B"", ""Goblin Protector Shield"")","Shield","Weapon","equip","Legendary","Shield","False","1","45","0","800100189"
"DT_Weapons","NatuShield_SDRank1","Natushield_SSR1","NSLOCTEXT(""[92D673A54F3309A2C4644681576ED93E]"", ""C777A7C7445C62C13F2CB1979F537F69"", ""Shaman Wooden Shield"")","Shield","Weapon","equip","Superior","Shield","False","1","45","0","800100191"
"DT_Weapons","NatuShield_SARank2","Natushield_SSR2","NSLOCTEXT(""[92D673A54F3309A2C4644681576ED93E]"", ""7E948C334C24EB0E182D8EB56C5FF4F6"", ""Shaman Enhanched Shield"")","Shield","Weapon","equip","Epic","Shield","False","1","45","0","800100190"
"DT_Weapons","NatuShield_SSRank3","Natushield_SSR3","NSLOCTEXT(""[92D673A54F3309A2C4644681576ED93E]"", ""8D25D99C40EDD179B2F55FAD39ABE61C"", ""Shaman Defender Shield"")","Shield","Weapon","equip","Legendary","Shield","False","1","45","0","800100192"
"DT_Weapons","ItimarasBlade_NDRank1","Nowens_SG1","NSLOCTEXT(""[92D673A54F3309A2C4644681576ED93E]"", ""3C14D05448F8081E90CA4599DF988E1E"", ""Itimar\'s Blade of glory R1"")","Weapon","Weapon","equip","Superior","Weapon","False","1","125","0","800100161"
"DT_Weapons","ItimarasBlade_NARank2","Nowens_SG2","NSLOCTEXT(""[92D673A54F3309A2C4644681576ED93E]"", ""F1668B0C48079962AA3E6A9EAA63B319"", ""Itimar\'s Blade of glory R2"")","Weapon","Weapon","equip","Epic","Weapon","False","1","125","0","800100160"
"DT_Weapons","ItimarasBlade_NSRank3","Nowens_SG3","NSLOCTEXT(""[92D673A54F3309A2C4644681576ED93E]"", ""D2E876D34020A1CD7B8B9DBF570F58DC"", ""Itimar\'s Blade of glory R3"")","Weapon","Weapon","equip","Legendary","Weapon","False","1","125","0","800100162"
"DT_Weapons","NoydeShield_ADRank1","Noydeshield_ASR1","NSLOCTEXT(""[92D673A54F3309A2C4644681576ED93E]"", ""6B8D53E7425F16659A656D8FCDF5AD6E"", ""Adventurer Wooden Shield"")","Shield","Weapon","equip","Common","Shield","False","1","45","0","800100194"
"DT_Weapons","NoydeShield_AARank2","Noydeshield_ASR2","NSLOCTEXT(""[92D673A54F3309A2C4644681576ED93E]"", ""C60D3521466B746FD6E3648A34DE3A52"", ""Adventurer Shield"")","Shield","Weapon","equip","Superior","Shield","False","1","45","0","800100193"
"DT_Weapons","NoydeShield_ASRank3","Noydeshield_ASR3","NSLOCTEXT(""[92D673A54F3309A2C4644681576ED93E]"", ""8DA4903740949629B9B72A97CF1FA90F"", ""AdventurerGreat Shield"")","Shield","Weapon","equip","Legendary","Shield","False","1","45","0","800100195"
"DT_Weapons","NoydeShield_EDRank1","Noydeshield_ESR1","NSLOCTEXT(""[92D673A54F3309A2C4644681576ED93E]"", ""E6AE9F9942F525346C95C69A37580B4E"", ""Explorer Wood Shield"")","Shield","Weapon","equip","Common","Shield","False","1","45","0","800100197"
"DT_Weapons","NoydeShield_EARank2","Noydeshield_ESR2","NSLOCTEXT(""[92D673A54F3309A2C4644681576ED93E]"", ""EFF10AA04DF1249A98677CBD3B41044E"", ""Explorer Enhanced Shield"")","Shield","Weapon","equip","Superior","Shield","False","1","45","0","800100196"
"DT_Weapons","NoydeShield_ESRank3","Noydeshield_ESR3","NSLOCTEXT(""[92D673A54F3309A2C4644681576ED93E]"", ""1DBCB46942D2F87C623E5785626EFD13"", ""Explorer Great Shield"")","Shield","Weapon","equip","Legendary","Shield","False","1","45","0","800100198"
"DT_Weapons","NoydeShield_SDRank1","Noydeshield_SSR1","NSLOCTEXT(""[92D673A54F3309A2C4644681576ED93E]"", ""231A6D394148F494F9A54C912F2303A1"", ""Seeker Wood Shield"")","Shield","Weapon","equip","Common","Shield","False","1","45","0","800100200"
"DT_Weapons","NoydeShield_SARank2","Noydeshield_SSR2","NSLOCTEXT(""[92D673A54F3309A2C4644681576ED93E]"", ""C09C46F34CF561F12BA7C8987A38212F"", ""Seeker Enhanced Shield"")","Shield","Weapon","equip","Superior","Shield","False","1","45","0","800100199"
"DT_Weapons","NoydeShield_SSRank3","Noydeshield_SSR3","NSLOCTEXT(""[92D673A54F3309A2C4644681576ED93E]"", ""1C534499440FFDE88C7B5581C2714FF8"", ""Seeker Great Shield"")","Shield","Weapon","equip","Legendary","Shield","False","1","45","0","800100201"
"DT_Weapons","WoodBow_3","NTBow01","NSLOCTEXT(""[92D673A54F3309A2C4644681576ED93E]"", ""A2D24BC144F17D3E92B47B9522E408DD"", ""Nothen Wooden Bow"")","Bow","Range","equip","Common","Bow","False","1","45","0","800100227"
"DT_Weapons","PalomittasBlade_CDRank1","Palomittas_PC1","NSLOCTEXT(""[92D673A54F3309A2C4644681576ED93E]"", ""4036CEEE4ABEDF51F8D8718BBE6B4930"", ""Palomitta\'s Blade of carver R1"")","Weapon","Weapon","equip","Superior","Weapon","False","1","125","0","800100202"
"DT_Weapons","PalomittasBlade_CDRank2","Palomittas_PC2","NSLOCTEXT(""[92D673A54F3309A2C4644681576ED93E]"", ""74CD2F4542AA5902341971908767A05D"", ""Palomitta\'s Blade of carver R2"")","Weapon","Weapon","equip","Epic","Weapon","False","1","125","0","800100203"
"DT_Weapons","PalomittasBlade_CDRank3","Palomittas_PC3","NSLOCTEXT(""[92D673A54F3309A2C4644681576ED93E]"", ""20BE2DC34D1FD84A2DF19E85A163288B"", ""Palomitta\'s Blade of carver R3"")","Weapon","Weapon","equip","Legendary","Weapon","False","1","125","0","800100204"
"DT_Weapons","PalomittasBlade_GDRank1","Palomittas_PG1","NSLOCTEXT(""[92D673A54F3309A2C4644681576ED93E]"", ""2FC1261243974FA32423C48B654BC110"", ""Palomitta\'s Blade of graham R1"")","Weapon","Weapon","equip","Superior","Weapon","False","1","125","0","800100205"
"DT_Weapons","PalomittasBlade_GDRank2","Palomittas_PG2","NSLOCTEXT(""[92D673A54F3309A2C4644681576ED93E]"", ""9E69B46A4BEBD43B9E04D4B26BE169F3"", ""Palomitta\'s Blade of graham R2"")","Weapon","Weapon","equip","Epic","Weapon","False","1","125","0","800100206"
"DT_Weapons","PalomittasBlade_GDRank3","Palomittas_PG3","NSLOCTEXT(""[92D673A54F3309A2C4644681576ED93E]"", ""58E604554D0DF8E5AD6469AB6F785C7F"", ""Palomitta\'s Blade of graham R3"")","Weapon","Weapon","equip","Legendary","Weapon","False","1","125","0","800100207"
"DT_Weapons","PalomittasBlade_TDRank1","Palomittas_PT1","NSLOCTEXT(""[92D673A54F3309A2C4644681576ED93E]"", ""A857E85F454019D20662FEABBDA7E99B"", ""Palomitta\'s Blade of tarran R1"")","Weapon","Weapon","equip","Superior","Weapon","False","1","125","0","800100208"
"DT_Weapons","PalomittasBlade_TDRank2","Palomittas_PT2","NSLOCTEXT(""[92D673A54F3309A2C4644681576ED93E]"", ""EF287F5946054C3ABFD6D6A2BDE3E5EB"", ""Palomitta\'s Blade of tarran R2"")","Weapon","Weapon","equip","Epic","Weapon","False","1","125","0","800100209"
"DT_Weapons","PalomittasBlade_TDRank3","Palomittas_PT3","NSLOCTEXT(""[92D673A54F3309A2C4644681576ED93E]"", ""7D46FBD146A947CDD74538BFE5CDA4F9"", ""Palomitta\'s Blade of tarran R3"")","Weapon","Weapon","equip","Legendary","Weapon","False","1","125","0","800100210"
"DT_Weapons","PoisonArrow01","PoisonArrow01","NSLOCTEXT(""[92D673A54F3309A2C4644681576ED93E]"", ""D04A6B894F2434603C15A4AF4F347A95"", ""Viper Sweep Arrow"")","Arrow","Range","equip","Epic","Arrow","True","50","3","0","800100211"
"DT_Weapons","RohanSword_EDRank1","Rohan_ER1","NSLOCTEXT(""[92D673A54F3309A2C4644681576ED93E]"", ""6E51018C4A10B3765FF0F9B171EEA2C2"", ""Edwins\'s Sword of Rohan R1"")","Weapon","Weapon","equip","Superior","Weapon","False","1","125","0","800100213"
"DT_Weapons","RohanSword_EARank2","Rohan_ER2","NSLOCTEXT(""[92D673A54F3309A2C4644681576ED93E]"", ""CBA62DD640061476F34428A6A7A1946F"", ""Edwins\'s Sword of Rohan R2"")","Weapon","Weapon","equip","Epic","Weapon","False","1","125","0","800100212"
"DT_Weapons","RohanSword_ESRank3","Rohan_ER3","NSLOCTEXT(""[92D673A54F3309A2C4644681576ED93E]"", ""735AD06946949D4B82C3388ACE602835"", ""Edwins\'s Sword of Rohan R3"")","Weapon","Weapon","equip","Legendary","Weapon","False","1","125","0","800100214"
"DT_Weapons","RohanSword_FDRank1","Rohan_FR1","NSLOCTEXT(""[92D673A54F3309A2C4644681576ED93E]"", ""E3BEF1334B004D059BA6D9B80C1DDCAA"", ""Flare Sword of Rohan R1"")","Weapon","Weapon","equip","Superior","Weapon","False","1","125","0","800100216"
"DT_Weapons","RohanSword_FARank2","Rohan_FR2","NSLOCTEXT(""[92D673A54F3309A2C4644681576ED93E]"", ""F21F48054D5D160C7D8FE39F8E4FD1A3"", ""Flare Sword of Rohan R2"")","Weapon","Weapon","equip","Epic","Weapon","False","1","125","0","800100215"
"DT_Weapons","RohanSword_FSRank3","Rohan_FR3","NSLOCTEXT(""[92D673A54F3309A2C4644681576ED93E]"", ""D1632BB347C7C9206FF12986C35016A3"", ""Flare Sword of Rohan R3"")","Weapon","Weapon","equip","Legendary","Weapon","False","1","125","0","800100217"
"DT_Weapons","RohanSword_KDRank1","Rohan_KR1","NSLOCTEXT(""[92D673A54F3309A2C4644681576ED93E]"", ""929251644F484B8B8AF24EAEC6998C73"", ""Kayra\'s Sword of Rohan R1"")","Weapon","Weapon","equip","Superior","Weapon","False","1","125","0","800100219"
"DT_Weapons","RohanSword_KARank2","Rohan_KR2","NSLOCTEXT(""[92D673A54F3309A2C4644681576ED93E]"", ""B1B326914A4EF9294DB20981653098F2"", ""Kayra\'s Sword of Rohan R2"")","Weapon","Weapon","equip","Epic","Weapon","False","1","125","0","800100218"
"DT_Weapons","RohanSword_KSRank3","Rohan_KR3","NSLOCTEXT(""[92D673A54F3309A2C4644681576ED93E]"", ""699B5865404EA9D72582A9A52A8145BE"", ""Kayra\'s Sword of Rohan R3"")","Weapon","Weapon","equip","Legendary","Weapon","False","1","125","0","800100220"
"DT_Weapons","WinterDemonicBow_1","WBow01","NSLOCTEXT(""[92D673A54F3309A2C4644681576ED93E]"", ""907916AB46DBE6E7269B5DBEB998CFAB"", ""Winter Demonic Bow R1"")","Bow","Range","equip","Superior","Bow","False","1","45","0","800100222"
"DT_Weapons","WinterDemonicBow_2","WBow02","NSLOCTEXT(""[92D673A54F3309A2C4644681576ED93E]"", ""C0988F42461B3FC67B25678C087C65BC"", ""Winter Demonic Bow R2"")","Bow","Range","equip","Epic","Bow","False","1","45","0","800100223"
"DT_Weapons","WinterDemonicBow_3","WBow03","NSLOCTEXT(""[92D673A54F3309A2C4644681576ED93E]"", ""741F41024ACD7EFAB3E052A7D596E93B"", ""Winter Demonic Bow R3"")","Bow","Range","equip","Legendary","Bow","False","1","45","0","800100224"
"DT_Weapons","WoodBow_2","WNBow01","NSLOCTEXT(""[92D673A54F3309A2C4644681576ED93E]"", ""352F597349CE8B92C21870B815A39B2E"", ""Western Wooden Bow"")","Bow","Range","equip","Common","Bow","False","1","45","0","800100226"
